{
  "overall": {
    "E": {
      "mean": 12.651162790697674,
      "std": 8.206658445065464,
      "cv": 0.6486880756209834
    },
    "I": {
      "mean": 18.174418604651162,
      "std": 11.296420363729055,
      "cv": 0.6215560788744074
    }
  },
  "per_sector": {
    "core": {
      "E": {
        "mean": 18.265625,
        "std": 4.609463275990854,
        "cv": 0.25235727088401594
      },
      "I": {
        "mean": 26.958333333333332,
        "std": 4.14808356017839,
        "cv": 0.15387017843011028
      },
      "nE": 192,
      "nI": 48
    },
    "alert": {
      "E": {
        "mean": 12.03225806451613,
        "std": 3.8561544521983504,
        "cv": 0.3204846863757342
      },
      "I": {
        "mean": 14.625,
        "std": 3.2185982973959333,
        "cv": 0.22007509725784158
      },
      "nE": 62,
      "nI": 16
    },
    "arp": {
      "E": {
        "mean": 0.9411764705882353,
        "std": 0.8381062852220592,
        "cv": 0.8904879280484379
      },
      "I": {
        "mean": 1.0,
        "std": 1.118033988749895,
        "cv": 1.118033988749895
      },
      "nE": 34,
      "nI": 8
    },
    "scan": {
      "E": {
        "mean": 1.368421052631579,
        "std": 1.0110196164367655,
        "cv": 0.7388220273960978
      },
      "I": {
        "mean": 2.111111111111111,
        "std": 0.5665577237325317,
        "cv": 0.2683694480838308
      },
      "nE": 38,
      "nI": 9
    },
    "syn": {
      "E": {
        "mean": 0.8333333333333334,
        "std": 0.8975274678557507,
        "cv": 1.0770329614269007
      },
      "I": {
        "mean": 1.6,
        "std": 1.3564659966250538,
        "cv": 0.8477912478906586
      },
      "nE": 18,
      "nI": 5
    }
  }
}