{
  "out": {
    "EE": {
      "core": {
        "n_sources": 192,
        "mean": 13.541666666666666,
        "std": 3.982819004451774,
        "quantiles": {
          "0.5": 13.5,
          "0.9": 18.900000000000006,
          "0.95": 20.0,
          "0.99": 23.090000000000003
        }
      },
      "alert": {
        "n_sources": 62,
        "mean": 9.161290322580646,
        "std": 3.091056549649675,
        "quantiles": {
          "0.5": 9.0,
          "0.9": 12.899999999999999,
          "0.95": 14.0,
          "0.99": 17.340000000000003
        }
      },
      "arp": {
        "n_sources": 34,
        "mean": 0.7058823529411765,
        "std": 0.6197443384031023,
        "quantiles": {
          "0.5": 1.0,
          "0.9": 1.0,
          "0.95": 2.0,
          "0.99": 2.0
        }
      },
      "scan": {
        "n_sources": 38,
        "mean": 1.0263157894736843,
        "std": 0.842516347030638,
        "quantiles": {
          "0.5": 1.0,
          "0.9": 2.0,
          "0.95": 2.0,
          "0.99": 2.6300000000000026
        }
      },
      "syn": {
        "n_sources": 18,
        "mean": 0.7222222222222222,
        "std": 0.8031573497111644,
        "quantiles": {
          "0.5": 1.0,
          "0.9": 1.3000000000000007,
          "0.95": 2.1499999999999986,
          "0.99": 2.8299999999999983
        }
      }
    },
    "EI": {
      "core": {
        "n_sources": 192,
        "mean": 4.723958333333333,
        "std": 2.124227545469307,
        "quantiles": {
          "0.5": 5.0,
          "0.9": 7.900000000000006,
          "0.95": 8.449999999999989,
          "0.99": 10.0
        }
      },
      "alert": {
        "n_sources": 62,
        "mean": 2.870967741935484,
        "std": 1.7733135647593228,
        "quantiles": {
          "0.5": 3.0,
          "0.9": 5.0,
          "0.95": 6.0,
          "0.99": 7.390000000000001
        }
      },
      "arp": {
        "n_sources": 34,
        "mean": 0.23529411764705882,
        "std": 0.48862493311282795,
        "quantiles": {
          "0.5": 0.0,
          "0.9": 1.0,
          "0.95": 1.0,
          "0.99": 1.6700000000000017
        }
      },
      "scan": {
        "n_sources": 38,
        "mean": 0.34210526315789475,
        "std": 0.47441464150841967,
        "quantiles": {
          "0.5": 0.0,
          "0.9": 1.0,
          "0.95": 1.0,
          "0.99": 1.0
        }
      },
      "syn": {
        "n_sources": 18,
        "mean": 0.1111111111111111,
        "std": 0.31426968052735443,
        "quantiles": {
          "0.5": 0.0,
          "0.9": 0.3000000000000007,
          "0.95": 1.0,
          "0.99": 1.0
        }
      }
    },
    "IE": {
      "core": {
        "n_sources": 48,
        "mean": 23.770833333333332,
        "std": 3.9960375338855645,
        "quantiles": {
          "0.5": 24.0,
          "0.9": 28.300000000000004,
          "0.95": 29.65,
          "0.99": 32.120000000000005
        }
      },
      "alert": {
        "n_sources": 16,
        "mean": 13.375,
        "std": 3.2379584617471546,
        "quantiles": {
          "0.5": 13.0,
          "0.9": 16.0,
          "0.95": 18.25,
          "0.99": 21.25
        }
      },
      "arp": {
        "n_sources": 8,
        "mean": 0.875,
        "std": 1.0532687216470449,
        "quantiles": {
          "0.5": 0.5,
          "0.9": 2.3,
          "0.95": 2.6499999999999995,
          "0.99": 2.9299999999999997
        }
      },
      "scan": {
        "n_sources": 9,
        "mean": 1.5555555555555556,
        "std": 0.6849348892187752,
        "quantiles": {
          "0.5": 1.0,
          "0.9": 2.2,
          "0.95": 2.5999999999999996,
          "0.99": 2.92
        }
      },
      "syn": {
        "n_sources": 5,
        "mean": 1.4,
        "std": 1.3564659966250536,
        "quantiles": {
          "0.5": 1.0,
          "0.9": 2.8000000000000003,
          "0.95": 3.3999999999999995,
          "0.99": 3.88
        }
      }
    },
    "II": {
      "core": {
        "n_sources": 48,
        "mean": 3.1875,
        "std": 1.536449505624358,
        "quantiles": {
          "0.5": 3.0,
          "0.9": 5.0,
          "0.95": 5.649999999999999,
          "0.99": 7.530000000000001
        }
      },
      "alert": {
        "n_sources": 16,
        "mean": 1.25,
        "std": 1.1989578808281798,
        "quantiles": {
          "0.5": 1.0,
          "0.9": 3.0,
          "0.95": 3.25,
          "0.99": 3.8499999999999996
        }
      },
      "arp": {
        "n_sources": 8,
        "mean": 0.125,
        "std": 0.33071891388307384,
        "quantiles": {
          "0.5": 0.0,
          "0.9": 0.2999999999999998,
          "0.95": 0.6499999999999995,
          "0.99": 0.9299999999999997
        }
      },
      "scan": {
        "n_sources": 9,
        "mean": 0.5555555555555556,
        "std": 0.4969039949999533,
        "quantiles": {
          "0.5": 1.0,
          "0.9": 1.0,
          "0.95": 1.0,
          "0.99": 1.0
        }
      },
      "syn": {
        "n_sources": 5,
        "mean": 0.2,
        "std": 0.4,
        "quantiles": {
          "0.5": 0.0,
          "0.9": 0.6000000000000001,
          "0.95": 0.7999999999999998,
          "0.99": 0.96
        }
      }
    }
  },
  "in": {
    "EE": {
      "core": {
        "n_posts": 192,
        "mean": 13.125,
        "std": 3.2023754204236163,
        "quantiles": {
          "0.5": 13.0,
          "0.9": 17.0,
          "0.95": 18.0,
          "0.99": 20.090000000000003
        }
      },
      "alert": {
        "n_posts": 62,
        "mean": 5.838709677419355,
        "std": 2.4042539476405267,
        "quantiles": {
          "0.5": 6.0,
          "0.9": 9.0,
          "0.95": 10.0,
          "0.99": 11.780000000000001
        }
      },
      "arp": {
        "n_posts": 34,
        "mean": 3.176470588235294,
        "std": 1.901556455911131,
        "quantiles": {
          "0.5": 3.0,
          "0.9": 5.699999999999999,
          "0.95": 6.699999999999996,
          "0.99": 8.0
        }
      },
      "scan": {
        "n_posts": 38,
        "mean": 5.157894736842105,
        "std": 2.1216467758680393,
        "quantiles": {
          "0.5": 5.0,
          "0.9": 7.300000000000004,
          "0.95": 8.149999999999999,
          "0.99": 9.630000000000003
        }
      },
      "syn": {
        "n_posts": 18,
        "mean": 3.2222222222222223,
        "std": 1.314684396244359,
        "quantiles": {
          "0.5": 3.0,
          "0.9": 5.0,
          "0.95": 5.0,
          "0.99": 5.0
        }
      }
    },
    "EI": {
      "core": {
        "n_posts": 48,
        "mean": 17.916666666666668,
        "std": 3.5049568074688486,
        "quantiles": {
          "0.5": 18.0,
          "0.9": 22.0,
          "0.95": 22.65,
          "0.99": 26.180000000000007
        }
      },
      "alert": {
        "n_posts": 16,
        "mean": 8.1875,
        "std": 2.9414866564375233,
        "quantiles": {
          "0.5": 7.5,
          "0.9": 12.0,
          "0.95": 13.5,
          "0.99": 14.7
        }
      },
      "arp": {
        "n_posts": 8,
        "mean": 4.375,
        "std": 1.2183492931011204,
        "quantiles": {
          "0.5": 4.0,
          "0.9": 5.6,
          "0.95": 6.299999999999999,
          "0.99": 6.859999999999999
        }
      },
      "scan": {
        "n_posts": 9,
        "mean": 6.777777777777778,
        "std": 2.3934065809486684,
        "quantiles": {
          "0.5": 6.0,
          "0.9": 10.0,
          "0.95": 10.0,
          "0.99": 10.0
        }
      },
      "syn": {
        "n_posts": 5,
        "mean": 4.2,
        "std": 1.32664991614216,
        "quantiles": {
          "0.5": 4.0,
          "0.9": 5.6,
          "0.95": 5.8,
          "0.99": 5.96
        }
      }
    },
    "IE": {
      "core": {
        "n_posts": 192,
        "mean": 5.692708333333333,
        "std": 2.0037332236595824,
        "quantiles": {
          "0.5": 6.0,
          "0.9": 8.0,