{
  "by_type": {
    "EE": {
      "n": 3244,
      "min": 1,
      "max": 10,
      "mean": 3.5539457459926016,
      "quantiles": {
        "0.5": 4.0,
        "0.9": 6.0,
        "0.95": 6.0,
        "0.99": 6.0
      }
    },
    "EI": {
      "n": 1108,
      "min": 1,
      "max": 10,
      "mean": 2.6200361010830324,
      "quantiles": {
        "0.5": 2.0,
        "0.9": 4.0,
        "0.95": 4.0,
        "0.99": 8.930000000000064
      }
    },
    "IE": {
      "n": 1383,
      "min": 0,
      "max": 2,
      "mean": 1.0093998553868402,
      "quantiles": {
        "0.5": 1.0,
        "0.9": 2.0,
        "0.95": 2.0,
        "0.99": 2.0
      }
    },
    "II": {
      "n": 180,
      "min": 0,
      "max": 2,
      "mean": 0.5055555555555555,
      "quantiles": {
        "0.5": 0.5,
        "0.9": 1.0,
        "0.95": 1.0,
        "0.99": 1.0
      }
    }
  },
  "by_route": {
    "intra": {
      "n": 5421,
      "min": 0,
      "max": 6,
      "mean": 2.6222099243681978,
      "quantiles": {
        "0.5": 2.0,
        "0.9": 5.0,
        "0.95": 6.0,
        "0.99": 6.0
      }
    },
    "alert->threat": {
      "n": 319,
      "min": 0,
      "max": 6,
      "mean": 2.7962382445141065,
      "quantiles": {
        "0.5": 2.0,
        "0.9": 6.0,
        "0.95": 6.0,
        "0.99": 6.0
      }
    },
    "core->threat": {
      "n": 175,
      "min": 0,
      "max": 10,
      "mean": 4.64,
      "quantiles": {
        "0.5": 4.0,
        "0.9": 9.0,
        "0.95": 10.0,
        "0.99": 10.0
      }
    },
    "other_inter": {
      "n": 0,
      "min": null,
      "max": null,
      "mean": null,
      "quantiles": {}
    }
  }
}