{
  "global": 1.9591253995875793,
  "per_sector": {
    "core": 1.9591251611690002,
    "alert": 0.9324692447455883,
    "arp": 0.0,
    "scan": 0.0,
    "syn": 0.0
  }
}