{
  "SECTOR_SIZES": {
    "core": 240,
    "alert": 78,
    "arp": 42,
    "scan": 47,
    "syn": 23
  },
  "EXCITATORY_FRACTION": 0.8,
  "E_counts": {
    "core": 192,
    "alert": 62,
    "arp": 34,
    "scan": 38,
    "syn": 18
  },
  "I_counts": {
    "core": 48,
    "alert": 16,
    "arp": 8,
    "scan": 9,
    "syn": 5
  },
  "constraints": {
    "typical_ranges": {
      "EE": [
        0.03,
        0.12
      ],
      "EI": [
        0.06,
        0.15
      ],
      "IE": [
        0.06,
        0.2
      ],
      "II": [
        0.03,
        0.12
      ]
    },
    "EI_over_IE_target": 1.2,
    "EI_over_IE_tolerance": 0.08,
    "global_density_target": 0.05
  },
  "probabilities": {
    "P_INTRA_BY_SECTOR": {
      "core": {
        "EE": 0.088,
        "EI": 0.132,
        "IE": 0.11,
        "II": 0.066
      },
      "alert": {
        "EE": 0.0968,
        "EI": 0.1452,
        "IE": 0.121,
        "II": 0.0726
      },
      "arp": {
        "EE": 0.0748,
        "EI": 0.1122,
        "IE": 0.0935,
        "II": 0.0561
      },
      "scan": {
        "EE": 0.0748,
        "EI": 0.1122,
        "IE": 0.0935,
        "II": 0.0561
      },
      "syn": {
        "EE": 0.0748,
        "EI": 0.1122,
        "IE": 0.0935,
        "II": 0.0561
      }
    },
    "P_INTER_BY_PAIR": {
      "('alert', 'arp')": {
        "EE": 0.075,
        "EI": 0.15,
        "IE": 0.125,
        "II": 0.0625
      },
      "('alert', 'scan')": {
        "EE": 0.075,
        "EI": 0.15,
        "IE": 0.125,
        "II": 0.0625
      },
      "('alert', 'syn')": {
        "EE": 0.075,
        "EI": 0.15,
        "IE": 0.125,
        "II": 0.0625
      },
      "('core', 'arp')": {
        "EE": 0.052633,
        "EI": 0.105265,
        "IE": 0.087721,
        "II": 0.04386
      },
      "('core', 'scan')": {
        "EE": 0.052633,
        "EI": 0.105265,
        "IE": 0.087721,
        "II": 0.04386
      },
      "('core', 'syn')": {
        "EE": 0.052633,
        "EI": 0.105265,
        "IE": 0.087721,
        "II": 0.04386
      }
    }
  },
  "expected_densities": {
    "global_vs_all_edges": 0.05000001778066895,
    "by_type_vs_all_edges": {
      "EE": 0.02782682842738657,
      "EI": 0.011323134168157426,
      "IE": 0.009533098715238249,
      "II": 0.0013169564698867027
    },
    "by_type_vs_type_denominator": {
      "EE": 0.07760196891818347,
      "EI": 0.12659264,
      "IE": 0.10548048944337811,
      "II": 0.05995532082922015
    }
  },
  "checks": {
    "per_sector_intra": {
      "core": {
        "EE_lt_EI": true,
        "IE_gt_II": true,
        "EI_over_IE": 1.2,
        "EI≈1.2*IE": true
      },
      "alert": {
        "EE_lt_EI": true,
        "IE_gt_II": true,
        "EI_over_IE": 1.2,
        "EI≈1.2*IE": true
      },
      "arp": {
        "EE_lt_EI": true,
        "IE_gt_II": true,
        "EI_over_IE": 1.2,
        "EI≈1.2*IE": true
      },
      "scan": {
        "EE_lt_EI": true,
        "IE_gt_II": true,
        "EI_over_IE": 1.2,
        "EI≈1.2*IE": true
      },
      "syn": {
        "EE_lt_EI": true,
        "IE_gt_II": true,
        "EI_over_IE": 1.2,
        "EI≈1.2*IE": true
      }
    },
    "per_pair_inter": {
      "('alert', 'arp')": {
        "EE_lt_EI": true,
        "IE_gt_II": true,
        "EI_over_IE": 1.2,
        "EI≈1.2*IE": true
      },
      "('alert', 'scan')": {
        "EE_lt_EI": true,
        "IE_gt_II": true,
        "EI_over_IE": 1.2,
        "EI≈1.2*IE": true
      },
      "('alert', 'syn')": {
        "EE_lt_EI": true,
        "IE_gt_II": true,
        "EI_over_IE": 1.2,
        "EI≈1.2*IE": true
      },
      "('core', 'arp')": {
        "EE_lt_EI": true,
        "IE_gt_II": true,
        "EI_over_IE": 1.199998,
        "EI≈1.2*IE": true
      },
      "('core', 'scan')": {
        "EE_lt_EI": true,
        "IE_gt_II": true,
        "EI_over_IE": 1.199998,
        "EI≈1.2*IE": true
      },
      "('core', 'syn')": {
        "EE_lt_EI": true,
        "IE_gt_II": true,
        "EI_over_IE": 1.199998,
        "EI≈1.2*IE": true
      }
    },
    "global_type_level": {
      "EE_lt_EI": true,
      "IE_gt_II": true,
      "EI_over_IE": 1.200152,
      "EI≈1.2*IE": true,
      "global_density_vs_target": {
        "expected": 0.05000001778066895,
        "target": 0.05,
        "ok": true
      }
    }
  },
  "realization_sample": {
    "edges_possible_by_type": {
      "EE": 66148,
      "EI": 16500,
      "IE": 16672,
      "II": 4052
    },
    "edges_realized_by_type": {
      "EE": 5256,
      "EI": 2142,
      "IE": 1814,
      "II": 235
    },
    "per_type_density": {
      "EE": 0.07945818467678539,
      "EI": 0.1298181818181818,
      "IE": 0.10880518234165067,
      "II": 0.05799605133267522
    }
  }
}