{
  "EE": {
    "mean": 0.14999999105930328,
    "std": 0.11377954483032227,
    "cv": 0.7585303440807468
  },
  "EI": {
    "mean": 0.1499999761581421,
    "std": 0.11155953258275986,
    "cv": 0.7437303354311523
  },
  "IE": {
    "mean": 0.32999998331069946,
    "std": 0.2517080307006836,
    "cv": 0.7627516467590153
  },
  "II": {
    "mean": 0.33000001311302185,
    "std": 0.25871923565864563,
    "cv": 0.7839976526608099
  }
}